date,close,open,high,low,volume,SMA_7d,ATR_7d,BB_Upper_7d,BB_Lower_7d,Return_Std_7d,SMA_14d,ATR_14d,BB_Upper_14d,BB_Lower_14d,Return_Std_14d,SMA_30d,ATR_30d,BB_Upper_30d,BB_Lower_30d,Return_Std_30d,SMA_50d,ATR_50d,BB_Upper_50d,BB_Lower_50d,Return_Std_50d
2025-01-06,102280.873054768,102047.45542071,102383.400987382,101640.113923497,6498.48415850902,,,,,,,,,,,,,,,,,,,,
2025-01-07,96974.6350092362,97182.0548011264,102713.731333029,96177.4224475258,11037.8508317028,,,,,,,,,,,,,,,,,,,,
2025-01-08,95087.2717455432,95301.1656557853,97292.1157148887,92645.2494488019,6860.54259022887,,,,,,,,,,,,,,,,,,,,
2025-01-09,92580.9812772829,92521.9729967121,95376.2465713125,91266.6771300354,12987.6224730506,,,,,,,,,,,,,,,,,,,,
2025-01-10,94735.7250634323,94783.6973360355,95784.3328692769,92324.8196412634,5015.9884451796,,,,,,,,,,,,,,,,,,,,
2025-01-11,94586.6264930777,94572.9651542271,95005.1375728315,93859.2806108064,4172.73919013009,,,,,,,,,,,,,,,,,,,,
2025-01-12,94524.0668166653,93939.6444056601,95365.1848943437,93696.0857058647,9827.54324873689,95824.31135142937,3187.2144336099614,102068.26152539396,89580.36117746477,,,,,,,,,,,,,,,,
2025-01-13,94542.5674780612,94404.1124974937,95869.0459107885,89669.6038185143,8616.87905083001,94718.83912618554,3966.665151951275,97285.49286271069,92152.1853896604,2.4063576150992696,,,,,,,,,,,,,,,
2025-01-14,96554.039485471,96687.5119824488,97369.8953359744,94368.8944179765,4975.54610002479,94658.75405136193,3461.621156593375,96987.65091240223,92329.85719032164,1.857083233861428,,,,,,,,,,,,,,,
2025-01-15,100509.313317077,99726.8037985134,100704.47992635,96498.0169934287,11405.0520273599,95433.33141872392,3398.7063947125903,100465.31356662925,90401.34927081858,2.2000229585249715,,,,,,,,,,,,,,,
2025-01-16,99993.5161111163,99825.0585332127,100843.365180115,97371.8704506316,7838.76200777141,96492.26496641441,3307.552864456348,101833.3801930088,91151.14973982003,1.7439947040847659,,,,,,,,,,,,,,,
2025-01-17,104114.678798924,104446.697389099,105915.236192723,99958.9564783862,6683.29736554274,97832.11550005607,3664.233791073961,105370.48985316446,90293.74114694768,2.0551955845603134,,,,,,,,,,,,,,,
2025-01-18,104441.397877855,104207.408370036,104951.825463822,102289.052325482,8886.23376353727,99239.9399835957,3880.9361019760877,107587.24525940354,90892.63470778786,2.003694128577399,,,,,,,,,,,,,,,
2025-01-19,101292.641209328,103361.677798255,106296.7325179,99751.603698171,57718.4492825338,100206.87918254749,4577.5117635832285,107507.36230562712,92906.39605946786,2.596161165084876,98015.59526698843,3882.3630985965947,105970.27660157598,90060.91393240087,,,,,,,,,,,
2025-01-21,106188.135939294,106049.219567225,107246.705695541,100141.741646728,16015.9061839684,102681.13384603348,5645.454871247356,107265.58219758856,98096.6854944784,2.7493456232318714,98669.94394869772,4553.538013920365,107698.38469338378,89641.50320401166,2.3758142854871362,,,,,,,,,,
2025-01-22,103692.100401351,103874.761022092,106372.829587823,103385.640718143,8722.18323140006,103135.81771521548,5471.272862212884,107329.76868073933,98941.86674969163,2.775289304217457,99284.57456696969,4434.9896284627375,108433.16229444605,90135.98683949333,2.4123255883059356,,,,,,,,,,
2025-01-23,103962.596578763,104033.895103111,106864.395294252,101281.800811178,11163.4653329244,103702.82921059357,5772.858541297256,106859.07452411363,100546.5838970735,2.7444111587546702,100097.54708850397,4540.205702876802,108685.67705477966,91509.41712222827,2.226088289109527,,,,,,,,,,
2025-01-24,104906.678715047,104818.984142931,107167.694900889,102810.892785108,9156.99357547726,103815.972055754,5544.3617415035715,107095.48941259822,100536.45469890977,2.2856054681278355,100824.04377790504,4604.297766288766,109175.85372359965,92472.23383221043,2.1858010532048953,,,,,,,,,,
2025-01-25,104796.454151747,105121.934685327,105318.147205119,104125.337006786,4126.6496080177,103866.69438059571,5334.367035788288,107201.86349601945,100531.52526517198,2.285494448577643,101553.31718209569,4607.651568882188,109321.60150846091,93785.03285573047,2.184168971620958,,,,,,,,,,
2025-01-27,102090.565306229,101634.763823287,103220.28098024,97832.5349752467,10903.653680931,104034.76095256499,4227.656159090186,106853.63149791284,101215.89040721714,2.083761358049608,102669.79765259758,4643.415291539122,107677.83315428976,97661.7621509054,2.320849527735103,,,,,,,,,,
2025-01-28,101300.368030514,101221.997363351,103747.123721254,100250.404227626,9300.08494530843,103336.50839416786,3712.192651206615,106086.78487707887,100586.23191125685,1.1939904358248732,103008.82112010066,4678.823761226986,106703.93583363155,99313.70640656978,2.3010044804076752,,,,,,,,,,
2025-01-29,103745.369909948,103507.837029759,104763.077783684,101296.994824734,9656.74777174952,103344.11832396743,3780.6060925308993,106099.2768535833,100588.95979435155,1.4109983975553717,103239.96801959144,4625.939477371891,106655.86059759192,99824.07544159096,2.12874223067828,,,,,,,,,,
2025-01-30,104789.940712272,105167.965592662,106473.551977275,103345.431366212,5389.25952286234,103462.31034304014,3429.9669679578988,106405.82857108324,100518.79211499704,1.4599126022632638,103582.56977681686,4601.412754627578,106525.18759076753,100639.9519628662,2.125722664467383,,,,,,,,,,
2025-01-31,102459.5832836,102249.66300457,106054.79072439,101549.982008983,6322.75969572685,103112.72528140487,3451.1107679044694,105828.14334531118,100397.30721749856,1.6469369396484554,103464.34866857943,4497.73625470402,106447.58594598147,100481.1113911774,1.9284316890477307,,,,,,,,,,
2025-02-01,100631.059748449,100654.617225152,102805.738542159,100279.802764609,13255.7925946337,102517.66893807657,3641.5572792211815,105334.91575476056,99700.42212139259,1.7298153150611677,103192.18165933616,4487.962157504735,106471.9514794896,99912.41183918272,1.975019115319407,,,,,,,,,,
2025-02-02,97678.7719678885,97970.1132946483,101447.449793157,96292.2044726772,32282.8205523713,101813.66556555721,3952.0941260101536,106421.11999869318,97206.21113242125,1.8770101716009817,102934.04814209047,4388.68476470122,107259.87272206233,98608.22356211861,1.9663785515375374,,,,,,,,,,
2025-02-03,101436.407843162,101785.612319359,102504.815026212,91687.2854758568,10245.2450579067,101720.21449940478,4727.777489633283,106327.99579778139,97112.43320102818,2.5477407036474093,102877.48772598489,4477.716824361734,107263.35516798464,98491.62028398513,2.2362794231929923,,,,,,,,,,
2025-02-04,97804.2385175571,97722.9299430854,101774.569125339,95924.4492393112,12683.9367616992,101220.76742612523,5063.977545690396,106713.78954031211,95727.74531193834,2.877589825521829,102278.63791014653,4388.085098448506,106994.3474488167,97562.92837147636,2.119077380024588,100417.8551362608,4415.410650751747,108241.46331882164,92594.24695369996,,,,,,
2025-02-05,96625.261316975,96489.6033288995,99140.6592695527,96187.4352975343,11591.1643394573,100203.60905570051,4990.71197612874,106134.47288062275,94272.74523077827,2.584353427325361,101773.86368983398,4385.65903432982,107283.82281222536,96263.90456744259,2.066293180361338,100229.33474500102,4489.075214356194,108139.26617313549,92319.40331686655,2.422718372382098,,,,,
2025-02-06,96579.8329029594,96943.8141007452,99199.7861618104,95726.6503585221,7960.95524587009,99030.73651151301,5039.999860732355,103877.08386949994,94184.38915352608,2.477669394758815,101246.52342727657,4234.983414345127,107245.57557278196,95247.47128177117,2.059392752031127,100216.1746747918,4386.969444949031,108149.79112967465,92282.55821990894,2.2289658205879643,,,,,
2025-02-07,96539.7981854609,96079.014468785,100180.304039999,95668.4791668097,8808.01889131083,98185.05292606456,5041.002168986969,102240.6780354869,94129.42781664222,2.454678122657641,100648.8891037347,4246.0564684457195,106743.50784944292,94554.2703580265,2.0246119292657276,100264.59222278906,4382.46806518578,108085.61807445981,92443.5663711183,2.198228839339266,,,,,
2025-02-08,96479.319789231,96502.4870237833,96897.0272577169,95722.7939330383,4287.39293234202,97591.94721760484,4847.90181857677,101163.71597004426,94020.17846516543,2.428138899230683,100054.80807784072,4244.729548898976,106028.11248757457,94081.50366810686,2.025397643866255,100394.53683985399,4284.62352796583,107806.13140121869,92982.94227848928,2.1382420307980077,,,,,
2025-02-09,96502.8008211955,95889.9119741192,97342.886854819,94775.2109297554,9882.80334199357,97423.95133950585,4478.249047803028,101086.14021698479,93761.7624620269,2.1954404385534154,99618.80845253154,4215.17158690659,105680.13514264779,93557.48176241528,1.9817254290615525,100453.43936511276,4254.8956178675,107705.30660977862,93201.5721204469,2.0987034932651363,,,,,
2025-02-10,97490.2991705221,97456.1668028822,98370.7504896998,95314.9285375637,4724.381792033,96860.22152912871,3369.4336766288698,97954.90468227971,95765.53837597772,1.4814946427704363,99290.21801426676,4048.6055831310764,105272.5851916964,93307.85083683713,2.0183869565417396,100550.22845436091,4318.561117537866,107551.25406471225,93549.20284400957,2.1051049095105827,,,,,
2025-02-11,95827.6528436408,95567.5073072442,98528.7378444808,94887.3250510873,8208.61270720682,96577.85214714067,3053.904091966827,97548.8995367524,95606.80475752894,0.8979171830626973,98899.30978663293,4058.9408188286116,105029.25282758118,92769.36674568469,2.049966396313602,100593.68132192675,4384.304904368349,107454.72134403569,93732.64129981781,2.1312743231305347,,,,,
2025-02-12,97915.2900812202,97863.0599213557,98145.0212876138,94193.1241838364,11007.3513917791,96762.14197060428,3196.571682218113,98167.64377285913,95356.64016834943,1.1861806366153536,98482.87551315238,4093.6418291734267,103951.07185426673,93014.67917203803,2.0261795075320714,100706.10540869873,4309.3867380851225,107260.53728096586,94151.6735364316,2.165771313484462,,,,,
2025-02-13,96678.8146099012,96463.8777649695,98131.8582087972,95308.4056373528,6002.49235332868,96776.2822144531,3103.7597919546993,98175.20089248884,95377.36353641735,1.3101649831267013,97903.50936298305,4071.879826343527,102052.83957378531,93754.17915218079,1.9961164468057058,100710.26457951307,4303.468459866673,107253.94365915332,94166.58549987282,2.1468255424047338,,,,,
2025-02-14,97553.755288536,97196.188704115,98883.7915235882,96373.598622567,4595.77037078509,96921.13322917811,2817.8123673592554,98412.69330089795,95429.57315745828,1.3507366457475267,97553.09307762134,3929.4072681731122,100768.46458213909,94337.72157310358,1.9699212870483294,100611.74597856171,4246.926125470001,107256.16367503474,93967.32828208868,2.013099097179022,,,,,
2025-02-15,97642.7920403064,97607.5551949178,98020.0111122488,97290.1467850986,5827.7841806963,97087.34355076031,2754.3310819980566,98608.1631539746,95566.52394754603,1.3478114006342483,97339.64538418257,3801.116450287413,100028.47260589442,94650.81816247072,1.926830086629874,100533.3885095347,4155.538445392229,107262.87442357454,93803.90259549487,2.0116376817608534,,,,,
2025-02-16,96157.6042409799,96917.2498920068,97774.3691989421,96089.3150096093,12252.336034314,97038.02975358666,2628.2422626079433,98665.92009092584,95410.13941624748,1.4958354634099433,97230.99054654625,3553.2456552054855,99982.98314681434,94478.99794627816,1.805712653141266,100268.15269093656,4013.164261225429,107040.6600601786,93495.64532169452,1.865710084587405,,,,,
2025-02-17,95837.3362085539,95939.6165725735,97074.5679619846,95269.3844276535,4750.69190608342,96801.89218759119,2449.5796314929444,98594.80994712394,95008.97442805844,1.4208741731870207,96831.05685835997,2909.5066540609073,98259.47567645706,95402.63804026287,1.4044253139982323,99981.3506352932,3984.5779410917994,106751.29642245914,93211.40484812726,1.8627304811940242,,,,,
2025-02-18,95671.8962902099,95329.3119690117,96764.0411430524,93418.0442905355,8433.58910692913,96779.64125138677,2407.377354224859,98631.86763034009,94927.41487243345,1.266257245175256,96678.74669926372,2730.640723095843,98114.87711296004,95242.6162855674,1.063945425651631,99793.99247132259,3877.940208851396,106723.01215172885,92864.97279091633,1.7891042202315368,,,,,
2025-02-19,96685.0739421655,96582.1848510925,96888.3330001149,95083.0882588855,6908.10027497564,96603.89608866468,2100.7127310037154,98163.62982963154,95044.16234769783,0.9815124192362171,96683.01902963447,2648.6422066109144,98118.81986704521,95247.21819222372,1.063616280972182,99609.21981377345,3619.0790097221093,106565.21492935444,92653.22469819247,1.7921373766439197,,,,,
2025-02-20,98356.2539966563,98180.6775578528,98784.3000701216,96480.5311592148,6615.92943285379,96843.53028677255,2026.4722080697704,98894.92454834563,94792.13602519948,1.0762416005691,96809.90625061284,2565.116000012235,98498.2022406632,95121.61026056248,1.158001014707952,99348.15708235219,3459.0391717919024,105855.87893394186,92840.43523076252,1.663404827142603,,,,,
2025-02-21,96153.8335590858,95804.7400721427,99524.81970204,94876.2150483914,7418.53489183492,96643.54146827968,2331.959601302257,98644.14486975955,94642.93806679982,1.3730144131368602,96782.33734872889,2574.885984330756,98501.94806284706,95062.72663461072,1.3214185033832566,99096.88152094334,3514.4196979241888,105491.71126214885,92702.05177973783,1.6586542488175142,,,,,
2025-02-22,96587.5388193773,96668.4368085854,96980.8020495874,95784.6816298284,2971.37697931198,96492.79100814695,2398.567614532084,98290.78537917929,94694.7966371146,1.3922545580590706,96790.06727945362,2576.44934826507,98504.77636681643,95075.35819209082,1.3272772121430683,98851.04626229715,3368.2038958136886,105035.44222506309,92666.65029953122,1.660988438195056,,,,,
2025-02-23,96292.8473302412,95824.7525012074,96691.296962515,95284.0016485569,8991.64278432685,96512.11144946997,2358.88777519284,98296.14993684931,94728.07296209063,1.2619744153808372,96775.07060152832,2493.5650189003914,98504.21406502485,95045.9271380318,1.3300392557767493,98563.91854947031,3269.8870024195917,104373.41600527166,92754.42109366896,1.6469925667799594,,,,,
2025-02-24,91605.4617630073,92507.2094158548,96531.4844425039,91422.941833979,27805.0735466451,95907.55795724904,2830.7962143633818,100057.71337858702,91757.40253591105,2.252663706789407,96354.72507242011,2640.187922928163,99563.22024689429,93146.22989794594,1.820407305841613,98124.21880317897,3400.4114160926547,103978.364811793,92270.07279456494,1.8476645257412119,98834.38234576098,3743.2173258784196,106210.80326012825,91457.96143139372,
2025-02-25,88688.623551652,88827.4828985827,92600.4895590322,86099.3778493887,10836.8366274528,94909.94756602647,3281.5269082386117,101786.3117756054,88033.58335644755,2.43312591351384,95844.79440870664,2844.452131231735,101057.43678078234,90632.15203663094,1.9392365784004006,97660.27973571657,3517.732226648872,104209.24347880289,91111.31599263025,1.8918318090041304,98562.53735569866,3858.37381879359,106407.48925298917,90717.58545840815,2.139984706807782
2025-02-27,84718.8275050657,84705.0384523471,87053.2938426542,82719.1851835194,9584.65205894433,91177.79465022705,4319.853948367142,102040.9641675724,80314.6251328817,2.4070433159574844,94010.66246849981,3173.163078218456,103548.87656725926,84472.44836974036,2.1626271639045616,96511.12387543266,3600.826807796025,105510.58572707557,87511.66202378976,2.0817112676277016,98099.62437116759,3862.256374422507,107689.5695538578,88509.67918847738,2.1236692859726087
2025-02-28,84391.4997334327,84178.4035755387,85094.7786770659,78337.9498631835,6719.96969740789,89497.4612465623,4621.028828400543,100407.42216879007,78587.50032433454,2.487690231263799,93070.501357421,3476.4942148513996,103642.99267018583,82498.01004465617,2.105745555362751,95865.99486954883,3710.5183362937723,105473.78627938006,86258.2034597176,2.0045317720152145,97935.83474029061,3915.2015618746136,108168.68401637957,87702.98546420164,2.094829810861794
2025-03-01,86090.4351420347,86139.8545533826,86595.1842745549,83866.7843849393,5482.16948985857,87997.87500694195,4839.925895522914,97095.06085916364,78900.68915472025,2.7784039266563423,92245.33300754444,3619.246755027499,103080.60239567659,81410.06361941229,2.2412685758175415,95242.67801720758,3697.1943122455255,104881.0642464006,85604.29178801457,2.041571759029531,97762.92894186264,3900.579295106656,108496.398326787,87029.45955693828,2.087662978575681
2025-03-02,94381.5092907682,94384.9139128489,95136.1200274538,85143.6360684646,23096.7175523312,87724.82671558867,6066.381416241643,95706.49399689685,79743.15943428049,5.108725013341102,92118.46908252932,4212.634595717241,102796.87308818466,81440.06507687399,3.5765853795619056,94973.40888411319,3880.1168203649318,104220.93798535404,85725.87978287233,2.747994998485999,97758.82659781644,4077.5118350459375,108497.40660447942,87020.24659115347,2.505874108404812
2025-03-03,86233.5488392928,86679.2914773327,94509.2979013448,85183.8447327459,13402.2911709032,86957.41058362943,6668.797210537929,94196.31508547204,79718.50608178682,5.8319369337666105,91432.48427043924,4749.796712450655,102313.74940680104,80551.21913407743,4.247595120081663,94493.491853808,4106.767400066562,104016.33762948884,84970.64607812715,3.137755292577056,97593.01623826899,4230.638914648335,108782.03485131043,86403.99762522755,2.7891646071223124
2025-03-04,87322.7357514987,87535.9220249709,88987.4253886442,81616.7382259511,8215.15266256497,86762.2837550361,6793.022275259298,93855.5881266797,79668.9793833925,5.7599042798015185,90836.1156605313,5037.274591748955,101631.3356425639,80040.8956784987,4.27769671852661,94148.29064659498,4180.615461473672,103940.35011127299,84356.23118191697,3.1174200291860044,97448.61960373774,4254.063816056713,108979.44462295518,85917.79458452029,2.796200251207432
2025-03-05,90671.378554405,90505.7835977076,91031.9781438817,86445.3525604781,9118.87996368143,87687.13354521396,6442.083890902512,94906.90121954422,80467.3658708837,5.4501471229168565,90406.56598997698,5235.944651904255,100664.44343510715,80148.68854484681,4.420714500980514,93789.45633696976,3972.9186625752855,103260.07522678185,84318.83744715767,3.1168602888020813,97330.96638511642,4285.776309364827,109018.03475777044,85643.8980124624,2.8343741463470797
2025-03-06,89991.5426231923,90367.131730115,92864.2707647123,87913.9255767529,9676.82975865612,88440.37856208919,6530.117680734599,95306.49740607047,81574.2597181079,5.49846019839529,89809.08660615813,5424.985814550871,98990.25669837077,80627.9165139455,4.379775897191162,93529.03314049092,3942.9261726396726,102972.45870257696,84085.60757840489,3.057217391397033,97120.61097123873,4300.653954465589,108951.90975785107,85289.31218462638,2.770562958465226
2025-03-08,86293.8603695963,86413.0251414591,86920.2881335055,85314.8533973067,4076.55715425114,88816.82334425862,6311.581161629145,94873.80824495168,82759.83844356556,5.72563853846813,88407.34917560029,5575.75352857603,95880.71011455773,80933.98823664285,4.420064427479442,92859.4316115149,3993.8966157881096,102765.98580558634,82952.87741744345,3.111443723290364,96500.78804005099,4271.207926984382,108828.37891742263,84173.19716267935,2.739016433836923
2025-03-09,80795.4491931869,80393.801509407,86585.5141663682,80116.57908646,21542.631827531,86875.95761603271,5808.217036046146,93307.05883298483,80444.8563990806,4.349738357051191,87300.3921658107,5937.299226143894,94319.51196153558,80281.27237008582,4.667612790387689,92334.61997843908,4059.13362267874,103068.03812580706,81601.2018310711,3.3002687323132953,96027.86906635763,4347.331165815745,108913.70404267829,83142.03409003696,2.8667512745673127
2025-03-10,78626.4148167644,79544.5715608123,83987.3840487916,77529.7820982138,13028.1868400262,85789.22418424296,5398.524004900275,94786.03601926414,76792.41234922179,3.323554639900235,86373.31738393621,6033.660607719102,94311.4018359809,78435.23293189153,4.569085947193793,91739.52314602354,4235.245910208713,103456.63451888777,80022.4117731593,3.321868177164856,95574.54453850636,4345.580628432722,109273.5411652777,81875.54791173503,2.861147273435862
2025-03-11,82965.8770110422,83178.9824650881,83619.6787070384,76722.2771823408,8798.72434358319,85166.81579274917,5330.91177090092,94270.72780481176,76062.90378068658,4.149322706241739,85964.54977389264,6061.967023080108,93978.0688186762,77951.03072910907,4.831926376166762,91288.29235235177,4379.570096863181,103285.63310722027,79290.95159748326,3.505392926540557,95189.29700535441,4292.107044624514,109204.30819568771,81174.28581502111,2.9780898612867404
2025-03-12,83701.8983777702,83690.551392597,84262.8073405401,80678.3204309824,7733.01121829721,84171.17576751563,5187.749103208646,91883.87089964845,76458.4806353828,3.7479333416503025,85929.1546563648,5814.916497055579,93980.58403810475,77877.72527462486,4.6451012721283895,90828.67899259337,4397.192262110566,102899.09591746697,78758.26206771977,3.503516576359734,94739.57225412392,4221.697501839408,108757.12641030825,80722.0180979396,2.9205700081648973
2025-03-13,81121.00053389,81401.691340251,84324.3447729057,79983.5580026788,5659.57306387391,82903.95546904385,5100.66932924686,88871.33719131761,76936.5737467701,3.817254269604389,85672.16701556652,5815.3935049907295,94110.39105814979,77233.94297298325,4.715559611636193,90338.457248935,4420.504728005014,102758.28708353167,77918.62741433832,3.5295118096835423,94288.15025677472,4248.769459850346,108580.01606055316,79996.28445299629,2.932205963832702
2025-03-14,84019.444293188,84482.875996223,85319.0850667776,80845.135409382,4929.72940917489,82503.42065649114,4832.656661223229,87548.24650813313,77458.59480484916,4.094765079587375,85645.59162697764,5652.330708098815,94103.51058212231,77187.67267183296,4.821483905097598,89875.26238933392,4437.906479792287,102161.57829713251,77588.94648153533,3.574807650336684,93889.2872110632,4226.596563336777,108192.27767601084,79586.29674611556,2.985467292146064
2025-03-15,84378.8701640199,84423.1171113785,84712.3082180301,83672.1280795056,2262.09784403352,82229.85062712307,4751.906004412615,86456.85867221591,78002.84258203024,4.1044954348513185,85523.33698569085,5531.74358302088,94003.0091159225,77043.66485545921,4.7910150335249275,89465.26424113788,4378.464065361623,101632.44650061349,77298.08198166227,3.5748314156186725,93478.73104004268,4160.264123791647,107668.94789798258,79288.51418210278,2.9820042458518063
2025-03-16,82599.0408828533,82136.421252157,84995.7909580529,82032.5293263752,10452.4275342106,82487.50658278972,4251.0955118082575,86521.98162924733,78453.03153633211,3.277356994165301,84681.73209941121,5029.656273927202,91562.22484325615,77801.23935556627,3.9163056984635647,88966.77376094846,4393.566356383507,100987.20982508948,76946.33769680744,3.579513704792461,93034.7827746648,4195.673152458541,107168.5747198644,78900.9908294652,2.991538139249273
2025-03-17,84039.0274798456,84089.1349281905,84746.2574816401,82532.3305170504,4449.4574204816,83260.73696322988,3644.8562280956708,85530.75521138211,80990.71871507764,3.007693626863295,84524.98057373641,4521.690116497973,91352.97218646726,77696.98896100555,3.262565219243547,88513.31494226643,4443.035110964823,100201.20756502189,76825.42231951097,3.6014259147620673,92663.42741275122,4180.321943891196,106746.31574043652,78580.53908506592,2.99727714809486
2025-03-19,86873.4163476584,86189.7656477963,87039.2272143198,82593.8433319471,11457.2805290884,83682.24577152364,3189.72321708296,87289.80630554567,80074.6852375016,3.025565062843014,83926.71076951965,4188.736160145803,89733.52169635892,78119.89984268037,3.3821246732538994,87767.42816217759,4569.8924320815695,98894.26014126634,76640.59618308884,3.735515164011634,91987.97548695374,4148.551781062096,105912.3673169237,78063.58365698378,3.095476778055347
2025-03-20,84205.6899756188,84129.2390450163,87453.0935200974,83659.3529194805,5116.98880841913,84122.91569177061,3111.5737642815325,86936.741832713,81309.08955082823,3.02302687569559,83513.43558040725,4106.121546764196,88170.65222498422,78856.21893583029,3.4642867798140062,87385.22128502457,4584.817223684903,98171.03077663832,76599.41179341082,3.770505591209101,91597.18188826715,4155.1049338954335,105269.22423393544,77925.13954259886,3.09597833186934
2025-03-22,83859.6770323343,83980.3789346277,84519.6247282847,83701.4828040409,3929.17595501223,84057.92425743736,2672.4202029353037,86867.60665546435,81248.24185941038,2.715798146048767,83143.88744228023,3712.1631036739595,87079.49821411705,79208.27667044342,3.345051485306184,86481.95616762634,4529.1852641635805,95843.81049538465,77120.10183986803,3.740038657018029,90811.05889668722,4051.247444695964,103851.68427834648,77770.43351502795,3.0785110873546606
2025-03-23,86108.3459346599,85397.7289469621,86135.0145259527,83832.173140002,7830.49887505343,84559.2535505526,2578.074453545732,87406.24537813857,81712.26172296664,2.7160352180156133,83523.38006667115,3414.584982676995,87507.8113568397,79538.9487765026,2.895026255626859,86147.10658014548,4450.993155240318,94766.66684764277,77527.54631264819,3.7672399964365617,90520.60462041144,4046.7855568639784,103313.05874142301,77728.15049939987,3.1008488428499614
2025-03-24,87522.2726893953,87476.8678572965,88738.7006061404,85571.8364088328,8060.01867904914,85056.86000905969,2714.2083439340036,88609.66224946847,81504.0577686509,2.7093595242046153,84158.79848614479,3179.532286014837,87576.14261436598,80741.4543579236,2.7572148047922242,85844.93104247941,4516.684614491938,93535.50829587298,78154.35378908584,3.7816601475997094,90317.4746348416,4007.0179344005346,102967.7528600951,77667.19640958808,3.0879479025129344
2025-03-25,87433.8877571856,87503.5551871521,88536.5583337404,86356.3821599741,8454.16320429449,85726.71244591332,2618.437300930101,89002.67410340183,82450.7507884248,2.5697886196191053,84477.94211086932,2842.587618091172,88233.20483188157,80722.67938985708,2.40438462154365,85549.63239004422,4542.447309818877,92188.6070088024,78910.65777128605,3.7817578074462546,90037.42423312204,3834.2708668687555,102296.94728248796,77777.90118375613,3.033056925807454
2025-03-26,86939.8589284524,86860.7108094573,88290.3956963285,85906.1440020321,5580.46716815287,85736.2042431696,2323.989845490628,89028.01742765379,82444.39105868542,1.8135372260373706,84709.22500734663,2756.856531286794,88652.72596983021,80765.72404486305,2.413154658442923,85394.11229555907,4451.637612677928,91653.83520841677,79134.38938270137,3.6809148178846023,89820.13664133994,3764.953503034129,101901.61395651843,77738.65932616145,2.995252620259429
2025-03-27,87225.7708175161,87349.0916057585,87766.2755535996,85868.5088378908,3646.94975003877,86167.64436344065,2053.1364333608985,89311.67592359743,83023.61280328386,1.196541032339677,85145.28002760564,2582.3550988212155,88711.66288365156,81578.89717155971,2.2090050648283976,85345.35053775454,4298.192779546771,91521.10721746356,79169.59385804551,3.6352991657768765,89632.14683135078,3743.8443579079362,101573.12295348282,77691.17070921874,2.992508563436494
2025-03-28,84425.5241235203,84471.9911635188,87504.1727820795,83599.9888930124,5255.1012199301,86216.47675472342,2379.1751400486705,89216.79422451433,83216.15928493251,1.8558165632005617,85174.28572977221,2541.657543940609,88707.67789057741,81640.893568967,2.236810659733571,85352.95367443321,4193.5591000523045,91523.4218453976,79182.48550346882,3.5611072718168297,89389.06065576199,3752.465319623512,101247.31771361237,77530.80359791161,3.0233387703562693
2025-03-30,82418.8925010364,82455.6626749603,83558.526014926,81647.1449260823,7269.19412576274,85521.51054816235,2624.144579931214,90100.68509659577,80942.33599972892,1.5900098883083378,85040.38204935747,2601.1095167384733,88837.2264018364,81243.53769687856,2.2328468469234353,85219.38475051882,3985.0534972641412,91542.95589132748,78895.81360971015,3.580242163622499,88830.74348668948,3735.4595434536004,100607.9928329362,77053.49414044275,3.034208715359852
2025-03-31,83101.6260773309,82712.3117371679,83923.6745906849,81331.6137100274,6436.76867556941,84889.98960358172,2542.02982040977,89400.29780441851,80379.68140274493,1.4181606698361267,84973.4248063207,2628.119082171887,88877.87535573798,81068.97425690343,2.191127525425612,85119.75778169536,3980.5088636322043,91480.60958790527,78758.90597548544,3.5635713231374813,88562.7199918122,3735.9472425654785,100236.83095953065,76888.60902409376,3.037925738141287
2025-04-01,84735.9829586158,85164.7532937167,85521.622333574,82562.8271102285,7948.52195663499,84504.57463235746,2653.2611132068,88422.63600930411,80586.5132554108,1.7477812597491051,85115.64353913539,2635.8492070684506,88809.81222987747,81421.4748483933,2.2090451766107146,84798.24023729027,3746.0525724440813,90110.60960265917,79485.87087192138,3.088167611471397,88307.63366757407,3734.006707989666,99740.41294311383,76874.85439203432,3.048926420383014
2025-04-04,83953.3264779957,83955.4979337538,84718.9973412098,81686.8784187355,3776.84743268001,83368.69652344965,3151.640232595472,85007.76541524891,81729.62763165038,1.4611928318391187,84792.58663908653,2765.407686322071,88551.35732548793,81033.81595268512,1.6064090575215535,84345.31836935486,3425.788913113995,89055.48290281376,79635.15383589597,2.566905485066505,87511.9986590215,3759.168581313221,98275.5659194452,76748.4313985978,3.0309014225574393
2025-04-05,83298.7386978621,83431.3066561539,83954.0526482616,82379.8560292131,2603.82684302282,83456.46390599704,2958.755706669742,84986.71131129512,81926.21650069895,1.232347596202057,84752.51961519566,2819.411593093835,88565.69300367893,80939.3462267124,1.6187896821250456,84122.2249051772,3313.2506274836314,88333.34846530382,79911.10134505057,2.567122486870697,87226.89832720804,3740.4486556737666,97654.75243330996,76799.04422110612,3.0273107242448716
2025-04-06,78429.9058724622,79138.3532844412,83525.5445733767,77123.2704909605,11107.3186446792,82886.60867334358,3600.311848608671,87003.97611892955,78769.24122775761,2.583756313062485,84204.05961075297,3112.228214269943,89201.96098433566,79206.15823717028,2.061328347015416,83842.4488348907,3314.991819112138,88411.11840397236,79273.77926580905,2.701559984163941,86842.64060385115,3853.896850779087,97118.74828006356,76566.53292763873,3.1275764301780815
2025-04-07,79945.9065269836,80594.2909929231,81050.798488047,74496.5780858278,11530.9256430546,82435.79159472254,4166.334637403202,87098.25992411711,77773.32326532797,2.721083398236531,83662.89059915215,3354.1822289064853,88752.94255648398,78572.83864182032,2.0874539919224766,83630.85037347027,3479.9513413128175,88316.23164462435,78945.46910231619,2.7313229093112503,86518.4066495712,3951.280175036815,96616.37684540846,76420.43645373394,3.1401876906747623
2025-04-09,82190.2106168534,82231.1559490074,83573.0441150811,74969.794551629,7458.99514436989,80906.38988258755,4918.575738236001,87000.49875985703,74812.28100531807,4.930502150772421,82479.53852576205,4055.7096750857786,88205.35210258864,76753.72494893546,3.5629282749905684,83577.01549507778,3528.5938441157105,88727.04731531392,78426.98367484164,3.072383090773858,85844.35835275947,4135.972809591311,95714.35789777916,75974.35880773979,3.4702041665441974
2025-04-10,80268.081909183,80408.9257390829,82323.9925774539,78468.3617257453,10171.9483236175,80528.96816323765,5114.893284634228,86365.80303463315,74692.13329184214,4.992860082928277,81982.5607465954,4195.557113371478,87110.3751332153,76854.74635997548,3.5954537135452567,83487.08899168248,3427.2014883494103,88773.6816513528,78200.49633201216,2.934519615434052,85516.01851209984,4176.980531800895,94998.72159230796,76033.31543189171,3.477416239310363
2025-04-11,82812.4019440115,83202.4527263855,84270.8865520572,80264.6247525969,5360.49883233636,80365.97894409705,5254.056552775086,85806.86389284955,74925.09399534455,5.145808827132853,81867.33773377335,4202.848392685279,86828.47156203183,76906.20390551488,3.6341026423937937,83457.43911055721,3441.260651346164,88749.02169383824,78165.85652727619,2.9892457426828756,85205.14147104694,4211.030389571964,93960.99537493435,76449.28756715952,3.500576656801488
2025-04-12,85308.8181204574,85273.0104191191,86054.3232226062,82796.2894022816,11891.6097566917,80653.13314732493,5494.604724385957,86959.64936117761,74346.61693347225,5.258811528541911,82054.798526661,4226.680215527849,87336.87351270995,76772.72354061206,3.673846493251778,83597.03303010945,3405.1688863494205,88854.41142955169,78339.65463066721,2.9791507508112,84988.24116227437,4183.218972905484,93154.5261500432,76821.95617450554,3.5194780039499682
2025-04-13,85124.4982328496,84220.5883537034,85708.4969957999,83036.8319605627,17992.5097262943,81609.50348452314,4961.660574788955,88357.64282277167,74861.36414627462,4.511490418867528,82248.05607893338,4280.986211698813,87779.60588644377,76716.506271423,3.6726197321994274,83633.8681614315,3345.0927322774737,88918.9051295155,78348.8311933475,2.911224033043688,84758.98035054382,4212.729865215048,92208.27787942672,77309.68282166091,3.5183067039474705
2025-04-14,85236.2953078349,84967.901720403,85794.0562102543,83783.6044004507,6488.00330285707,82365.27331035903,4312.550775872442,89421.89311862524,75308.65350209281,4.518282213208425,82400.5324525408,4239.442706637821,88146.94661098003,76654.11829410159,3.669527795281945,83662.44899955866,3377.4351213201103,88973.36752603797,78351.53047307936,2.91052042291961,84537.84931009568,4224.792995131958,91205.04103733353,77870.65758285784,3.518561538263778
2025-04-15,83911.7389881607,83647.5470891998,86466.2011523735,83138.9178446986,5895.94749833517,83550.29215990721,3961.7965982373257,87354.76291967834,79745.82140013609,3.7789589938956922,82341.65788322256,4265.763284089921,88001.23207430553,76682.0836921396,3.6629657519014076,83706.20560306891,3389.5691771866836,89002.48044915425,78409.93075698358,2.8978919701901202,84383.97485459875,4189.167809114959,90732.92436541135,78035.02534378615,3.4592287610037813
2025-04-16,84289.6217216884,84351.646142413,85484.0650753202,83171.3712016158,3581.86532420491,83850.20803202651,3063.145785416229,87481.38197696995,80219.03408708307,2.092725984602851,82378.29895730702,3990.860761826115,88084.34458733922,76672.25332727483,3.6500084532274184,83714.55874446366,3392.861407490507,89013.79529643813,78415.3221924892,2.8820688620954993,84295.99481799948,4105.3994523961765,90522.20070188519,78069.78893411378,3.4315363420437803
2025-04-17,84889.2602320072,84924.6430522174,85465.2802882122,83770.3251939748,3329.04341758291,84510.37636385854,2754.4778200632013,86331.61818516307,82689.134542554,1.716063722275433,82519.67226354808,3934.6855523487143,88378.49819059797,76660.8463364982,3.637894994113951,83786.03672889023,3354.3407948053004,89088.99993206616,78483.07352571431,2.8685303008056198,84309.83142217642,3998.434668802903,90538.21780659314,78081.4450377597,3.3554776644232467
2025-04-19,85207.8063941098,85294.017828822,85585.0339708047,84728.0373171406,1956.2311484474,84775.1639886554,1921.4085054115878,85780.548088786,83769.7798885248,0.7613044550285807,82714.14856799017,3708.006614898772,88806.85290162687,76621.44423435346,3.6182434890751543,83749.22429938256,3127.463659279767,88963.4645383813,78534.98406038382,2.6580909228035177,84327.1195461674,3805.272127687031,90560.91923043416,78093.31986190066,3.3546799282514828
2025-04-20,87348.5649418079,87281.3813696848,87596.6942515992,83940.6300708956,13877.9439406754,85092.88780422087,2062.0369547639316,87300.43770911086,82885.33789933087,1.2081791756544522,83351.19564437201,3511.8487647764437,89378.94873466458,77323.44255407945,3.206205622130007,83858.05321795814,3195.2687005614634,89234.92903200151,78481.17740391476,2.6945934797856936,84352.28214216286,3823.8254135087914,90625.16748709089,78079.39679723483,3.3613053227813503
2025-04-23,93131.8207566949,93540.93911546,94490.4978725258,91975.229658424,6031.90978012761,88029.12771357907,2518.4983546903013,95269.37028435785,80788.8851428003,2.012571762875658,85939.66787280278,2790.822070053265,92945.85412870439,78933.48161690116,2.0494958477924894,84408.08787551819,3347.1957433336433,91518.62930301337,77297.54644802301,2.8256144450739784,84473.3529721955,3506.966103516517,91059.92812333509,77886.7778210559,2.9123438242345796
2025-04-24,93500.9511406531,93713.1508176356,94456.126335346,91699.1975819474,3549.84911377928,89259.36927195707,2670.2088774276135,96923.97591535788,81594.76262855626,2.0352917623576956,86884.87281790779,2712.343348745407,94160.33088751903,79609.41474829655,1.8344866601269347,84610.32332163377,3366.420829321387,92390.54818991566,76830.09845335188,2.8249705181822975,84529.94442392046,3470.372166916417,91377.33801515523,77682.5508326857,2.8642454886767252
2025-04-25,95053.3495243695,95070.5402118919,95778.6309239087,92897.6335381758,4586.89189913897,90728.85819773309,2999.520823452385,98317.95909175623,83139.75730370995,1.916905131815008,87759.2262165048,2631.96731919345,95825.60509076329,79692.84734224631,1.7464366496790302,84880.77300816434,3382.9790190359367,93513.4458023784,76248.10021395028,2.8317123209081347,84631.180561944,3428.985210871887,91942.13878889367,77320.22233499432,2.869901687999941
2025-04-26,94382.5220645112,94145.7584897914,95338.0831770231,93932.7872765521,4270.54607673502,92039.5318649333,3077.8492872819415,98216.57900032932,85862.48472953729,2.0873359213037364,88407.34792679435,2499.6288963467646,97062.24791731435,79752.44793627434,1.6992854136675828,85119.33138306419,3366.563325194677,94391.97527455648,75846.6874915719,2.8380980460574,84782.36724361307,3330.0903622100864,92575.11501732262,76989.61946990353,2.823668092447471
2025-04-27,93681.2231981839,93015.148977167,94566.721416381,92881.6022959703,8883.25966882299,92944.19733012989,2796.285707240099,97577.04451098481,88311.35014927496,2.182028973177665,89018.54256717536,2429.1613310020152,97880.83153745315,80156.25359689757,1.727636929283596,85427.85468555296,3292.594499572797,95207.0583654857,75648.65100562021,2.7676897893778714,84930.11450018482,3331.6840498943243,93110.3211094268,76749.90789094284,2.824517212045348
2025-04-28,94654.8041263473,94912.5568110461,95618.8664036521,93511.7448879576,7301.6189673271,93899.80174978638,2753.98255317637,95520.93882476704,92278.66467480571,2.1775578954212675,89691.2931970691,2436.0663099942217,98744.66114018364,80637.92525395456,1.7216775300146197,85826.86925576354,3265.35227341166,96106.88985847711,75546.84865304996,2.7308402909462135,85207.30159884805,3244.4477786100506,93747.00863307227,76667.59456462383,2.66223211292905
